<TextureAtlas imagePath="sheet.png">
	<SubTexture name="crystals_1.png" x="1720" y="198" width="132" height="112"/>
	<SubTexture name="crystals_2.png" x="1852" y="114" width="132" height="121"/>
	<SubTexture name="crystals_3.png" x="0" y="297" width="133" height="127"/>
	<SubTexture name="crystals_4.png" x="1852" y="0" width="132" height="114"/>
	<SubTexture name="landscape_00.png" x="1192" y="99" width="132" height="99"/>
	<SubTexture name="landscape_01.png" x="1061" y="0" width="132" height="99"/>
	<SubTexture name="landscape_02.png" x="1060" y="396" width="132" height="99"/>
	<SubTexture name="landscape_03.png" x="1060" y="297" width="132" height="99"/>
	<SubTexture name="landscape_04.png" x="1060" y="198" width="132" height="99"/>
	<SubTexture name="landscape_05.png" x="1060" y="99" width="132" height="99"/>
	<SubTexture name="landscape_06.png" x="929" y="0" width="132" height="99"/>
	<SubTexture name="landscape_07.png" x="928" y="329" width="132" height="99"/>
	<SubTexture name="landscape_08.png" x="1852" y="235" width="132" height="115"/>
	<SubTexture name="landscape_09.png" x="1720" y="409" width="132" height="99"/>
	<SubTexture name="landscape_10.png" x="1720" y="310" width="132" height="99"/>
	<SubTexture name="landscape_11.png" x="1456" y="198" width="132" height="99"/>
	<SubTexture name="landscape_12.png" x="796" y="313" width="132" height="99"/>
	<SubTexture name="landscape_13.png" x="796" y="214" width="132" height="99"/>
	<SubTexture name="landscape_14.png" x="665" y="115" width="132" height="99"/>
	<SubTexture name="landscape_15.png" x="796" y="412" width="132" height="99"/>
	<SubTexture name="landscape_16.png" x="664" y="317" width="132" height="99"/>
	<SubTexture name="landscape_17.png" x="664" y="234" width="132" height="83"/>
	<SubTexture name="landscape_18.png" x="665" y="0" width="132" height="115"/>
	<SubTexture name="landscape_19.png" x="532" y="234" width="132" height="99"/>
	<SubTexture name="landscape_20.png" x="532" y="333" width="132" height="115"/>
	<SubTexture name="landscape_21.png" x="0" y="424" width="132" height="83"/>
	<SubTexture name="landscape_22.png" x="928" y="115" width="132" height="115"/>
	<SubTexture name="landscape_23.png" x="797" y="0" width="132" height="115"/>
	<SubTexture name="landscape_24.png" x="1192" y="198" width="132" height="99"/>
	<SubTexture name="landscape_25.png" x="1192" y="297" width="132" height="99"/>
	<SubTexture name="landscape_26.png" x="1192" y="396" width="132" height="99"/>
	<SubTexture name="landscape_27.png" x="1324" y="225" width="132" height="115"/>
	<SubTexture name="landscape_28.png" x="1193" y="0" width="132" height="99"/>
	<SubTexture name="landscape_29.png" x="1325" y="0" width="132" height="99"/>
	<SubTexture name="landscape_30.png" x="1456" y="99" width="132" height="99"/>
	<SubTexture name="landscape_31.png" x="1324" y="340" width="132" height="99"/>
	<SubTexture name="landscape_32.png" x="928" y="230" width="132" height="99"/>
	<SubTexture name="landscape_33.png" x="1588" y="99" width="132" height="99"/>
	<SubTexture name="landscape_34.png" x="1588" y="297" width="132" height="99"/>
	<SubTexture name="landscape_35.png" x="1588" y="396" width="132" height="99"/>
	<SubTexture name="landscape_36.png" x="1589" y="0" width="132" height="99"/>
	<SubTexture name="landscape_37.png" x="0" y="198" width="133" height="99"/>
	<SubTexture name="landscape_38.png" x="1720" y="99" width="132" height="99"/>
	<SubTexture name="landscape_39.png" x="1457" y="0" width="132" height="99"/>
	<SubTexture name="rocks_1.png" x="0" y="0" width="133" height="99"/>
	<SubTexture name="rocks_2.png" x="0" y="99" width="133" height="99"/>
	<SubTexture name="rocks_3.png" x="133" y="0" width="133" height="102"/>
	<SubTexture name="rocks_4.png" x="133" y="102" width="133" height="102"/>
	<SubTexture name="rocks_5.png" x="133" y="204" width="133" height="99"/>
	<SubTexture name="rocks_6.png" x="133" y="303" width="133" height="99"/>
	<SubTexture name="rocks_7.png" x="1588" y="198" width="132" height="99"/>
	<SubTexture name="rocks_8.png" x="133" y="402" width="133" height="99"/>
	<SubTexture name="trees_1.png" x="266" y="241" width="133" height="111"/>
	<SubTexture name="trees_10.png" x="1456" y="297" width="132" height="130"/>
	<SubTexture name="trees_11.png" x="266" y="0" width="133" height="118"/>
	<SubTexture name="trees_12.png" x="266" y="118" width="133" height="123"/>
	<SubTexture name="trees_2.png" x="399" y="127" width="133" height="121"/>
	<SubTexture name="trees_3.png" x="266" y="352" width="133" height="113"/>
	<SubTexture name="trees_4.png" x="399" y="0" width="133" height="127"/>
	<SubTexture name="trees_5.png" x="1324" y="99" width="132" height="126"/>
	<SubTexture name="trees_6.png" x="399" y="248" width="133" height="124"/>
	<SubTexture name="trees_7.png" x="399" y="372" width="133" height="121"/>
	<SubTexture name="trees_8.png" x="532" y="0" width="133" height="118"/>
	<SubTexture name="trees_9.png" x="532" y="118" width="133" height="116"/>
</TextureAtlas>