<TextureAtlas imagePath="sheet.png">
	<SubTexture name="tower_00.png" x="187" y="150" width="89" height="100"/>
	<SubTexture name="tower_01.png" x="447" y="235" width="79" height="72"/>
	<SubTexture name="tower_02.png" x="684" y="72" width="79" height="72"/>
	<SubTexture name="tower_03.png" x="0" y="232" width="95" height="76"/>
	<SubTexture name="tower_04.png" x="0" y="156" width="95" height="76"/>
	<SubTexture name="tower_05.png" x="103" y="75" width="90" height="75"/>
	<SubTexture name="tower_06.png" x="103" y="0" width="90" height="75"/>
	<SubTexture name="tower_07.png" x="0" y="0" width="103" height="78"/>
	<SubTexture name="tower_08.png" x="526" y="217" width="79" height="72"/>
	<SubTexture name="tower_09.png" x="0" y="78" width="103" height="78"/>
	<SubTexture name="tower_10.png" x="93" y="308" width="92" height="75"/>
	<SubTexture name="tower_11.png" x="685" y="286" width="79" height="72"/>
	<SubTexture name="tower_12.png" x="606" y="307" width="79" height="70"/>
	<SubTexture name="tower_13.png" x="93" y="383" width="92" height="75"/>
	<SubTexture name="tower_14.png" x="95" y="156" width="92" height="75"/>
	<SubTexture name="tower_15.png" x="447" y="156" width="79" height="79"/>
	<SubTexture name="tower_16.png" x="763" y="149" width="79" height="72"/>
	<SubTexture name="tower_17.png" x="763" y="79" width="79" height="70"/>
	<SubTexture name="tower_18.png" x="363" y="229" width="84" height="73"/>
	<SubTexture name="tower_19.png" x="95" y="231" width="92" height="75"/>
	<SubTexture name="tower_20.png" x="362" y="424" width="86" height="74"/>
	<SubTexture name="tower_21.png" x="276" y="103" width="87" height="82"/>
	<SubTexture name="tower_22.png" x="684" y="214" width="79" height="72"/>
	<SubTexture name="tower_23.png" x="684" y="144" width="79" height="70"/>
	<SubTexture name="tower_24.png" x="363" y="302" width="84" height="73"/>
	<SubTexture name="tower_25.png" x="610" y="0" width="79" height="72"/>
	<SubTexture name="tower_26.png" x="363" y="82" width="86" height="74"/>
	<SubTexture name="tower_27.png" x="274" y="350" width="89" height="74"/>
	<SubTexture name="tower_28.png" x="605" y="228" width="79" height="79"/>
	<SubTexture name="tower_29.png" x="605" y="149" width="79" height="79"/>
	<SubTexture name="tower_30.png" x="605" y="79" width="79" height="70"/>
	<SubTexture name="tower_31.png" x="363" y="156" width="84" height="73"/>
	<SubTexture name="tower_32.png" x="527" y="433" width="79" height="72"/>
	<SubTexture name="tower_33.png" x="527" y="361" width="79" height="72"/>
	<SubTexture name="tower_34.png" x="185" y="306" width="89" height="74"/>
	<SubTexture name="tower_35.png" x="185" y="380" width="89" height="98"/>
	<SubTexture name="tower_36.png" x="282" y="0" width="87" height="82"/>
	<SubTexture name="tower_37.png" x="369" y="0" width="83" height="73"/>
	<SubTexture name="tower_38.png" x="449" y="73" width="79" height="72"/>
	<SubTexture name="tower_39.png" x="448" y="386" width="79" height="72"/>
	<SubTexture name="tower_40.png" x="764" y="221" width="78" height="72"/>
	<SubTexture name="tower_41.png" x="193" y="0" width="89" height="103"/>
	<SubTexture name="tower_42.png" x="763" y="0" width="79" height="79"/>
	<SubTexture name="tower_43.png" x="526" y="289" width="79" height="72"/>
	<SubTexture name="tower_44.png" x="685" y="430" width="79" height="72"/>
	<SubTexture name="tower_45.png" x="685" y="358" width="79" height="72"/>
	<SubTexture name="tower_46.png" x="0" y="308" width="93" height="98"/>
	<SubTexture name="tower_47.png" x="531" y="0" width="79" height="79"/>
	<SubTexture name="tower_48.png" x="606" y="377" width="79" height="72"/>
	<SubTexture name="tower_49.png" x="526" y="145" width="79" height="72"/>
	<SubTexture name="tower_50.png" x="0" y="406" width="93" height="98"/>
	<SubTexture name="tower_51.png" x="274" y="424" width="88" height="82"/>
	<SubTexture name="tower_52.png" x="452" y="0" width="79" height="72"/>
	<SubTexture name="tower_53.png" x="274" y="250" width="89" height="100"/>
	<SubTexture name="tower_54.png" x="447" y="307" width="79" height="79"/>
</TextureAtlas>