<TextureAtlas imagePath="sheet.png">
	<SubTexture name="tower_00.png" x="532" y="303" width="79" height="72"/>
	<SubTexture name="tower_01.png" x="610" y="375" width="79" height="70"/>
	<SubTexture name="tower_02.png" x="0" y="383" width="93" height="75"/>
	<SubTexture name="tower_03.png" x="93" y="383" width="93" height="75"/>
	<SubTexture name="tower_04.png" x="768" y="72" width="78" height="79"/>
	<SubTexture name="tower_05.png" x="768" y="0" width="79" height="72"/>
	<SubTexture name="tower_06.png" x="691" y="214" width="79" height="70"/>
	<SubTexture name="tower_07.png" x="449" y="303" width="83" height="73"/>
	<SubTexture name="tower_08.png" x="93" y="308" width="93" height="75"/>
	<SubTexture name="tower_09.png" x="365" y="156" width="87" height="74"/>
	<SubTexture name="tower_10.png" x="364" y="399" width="88" height="82"/>
	<SubTexture name="tower_11.png" x="690" y="285" width="79" height="72"/>
	<SubTexture name="tower_12.png" x="689" y="144" width="79" height="70"/>
	<SubTexture name="tower_13.png" x="365" y="230" width="84" height="73"/>
	<SubTexture name="tower_14.png" x="689" y="72" width="79" height="72"/>
	<SubTexture name="tower_15.png" x="365" y="82" width="87" height="74"/>
	<SubTexture name="tower_16.png" x="186" y="402" width="89" height="74"/>
	<SubTexture name="tower_17.png" x="846" y="72" width="78" height="79"/>
	<SubTexture name="tower_18.png" x="770" y="151" width="78" height="79"/>
	<SubTexture name="tower_19.png" x="610" y="144" width="79" height="70"/>
	<SubTexture name="tower_20.png" x="449" y="230" width="84" height="73"/>
	<SubTexture name="tower_21.png" x="610" y="0" width="79" height="72"/>
	<SubTexture name="tower_22.png" x="533" y="222" width="79" height="72"/>
	<SubTexture name="tower_23.png" x="196" y="0" width="89" height="74"/>
	<SubTexture name="tower_24.png" x="188" y="98" width="89" height="98"/>
	<SubTexture name="tower_25.png" x="365" y="0" width="88" height="82"/>
	<SubTexture name="tower_26.png" x="365" y="303" width="84" height="73"/>
	<SubTexture name="tower_27.png" x="610" y="72" width="79" height="72"/>
	<SubTexture name="tower_28.png" x="452" y="376" width="79" height="72"/>
	<SubTexture name="tower_29.png" x="452" y="154" width="79" height="72"/>
	<SubTexture name="tower_30.png" x="276" y="296" width="89" height="103"/>
	<SubTexture name="tower_31.png" x="768" y="429" width="79" height="79"/>
	<SubTexture name="tower_32.png" x="452" y="82" width="79" height="72"/>
	<SubTexture name="tower_33.png" x="285" y="0" width="79" height="72"/>
	<SubTexture name="tower_34.png" x="768" y="357" width="79" height="72"/>
	<SubTexture name="tower_35.png" x="103" y="0" width="93" height="98"/>
	<SubTexture name="tower_36.png" x="689" y="366" width="79" height="79"/>
	<SubTexture name="tower_37.png" x="689" y="0" width="79" height="72"/>
	<SubTexture name="tower_38.png" x="531" y="71" width="79" height="72"/>
	<SubTexture name="tower_39.png" x="95" y="156" width="93" height="98"/>
	<SubTexture name="tower_40.png" x="277" y="74" width="88" height="82"/>
	<SubTexture name="tower_41.png" x="611" y="294" width="79" height="72"/>
	<SubTexture name="tower_42.png" x="276" y="196" width="89" height="100"/>
	<SubTexture name="tower_43.png" x="531" y="143" width="79" height="79"/>
	<SubTexture name="tower_44.png" x="275" y="402" width="89" height="100"/>
	<SubTexture name="tower_45.png" x="453" y="0" width="79" height="71"/>
	<SubTexture name="tower_46.png" x="612" y="214" width="79" height="71"/>
	<SubTexture name="tower_47.png" x="0" y="232" width="95" height="76"/>
	<SubTexture name="tower_48.png" x="0" y="156" width="95" height="76"/>
	<SubTexture name="tower_49.png" x="186" y="254" width="90" height="74"/>
	<SubTexture name="tower_50.png" x="186" y="328" width="90" height="74"/>
	<SubTexture name="tower_51.png" x="0" y="0" width="103" height="78"/>
	<SubTexture name="tower_52.png" x="531" y="376" width="79" height="72"/>
	<SubTexture name="tower_53.png" x="0" y="78" width="103" height="78"/>
	<SubTexture name="tower_54.png" x="0" y="308" width="93" height="75"/>
</TextureAtlas>