<TextureAtlas imagePath="sprites.png">
	<SubTexture name="characterBlue (1).png" x="42" y="31" width="21" height="31"/>
	<SubTexture name="characterBlue (10).png" x="42" y="0" width="21" height="31"/>
	<SubTexture name="characterBlue (11).png" x="95" y="186" width="19" height="13"/>
	<SubTexture name="characterBlue (12).png" x="168" y="75" width="19" height="13"/>
	<SubTexture name="characterBlue (13).png" x="168" y="151" width="19" height="13"/>
	<SubTexture name="characterBlue (14).png" x="168" y="164" width="19" height="13"/>
	<SubTexture name="characterBlue (2).png" x="21" y="31" width="21" height="31"/>
	<SubTexture name="characterBlue (3).png" x="21" y="0" width="21" height="31"/>
	<SubTexture name="characterBlue (4).png" x="0" y="155" width="21" height="31"/>
	<SubTexture name="characterBlue (5).png" x="0" y="124" width="21" height="31"/>
	<SubTexture name="characterBlue (6).png" x="0" y="93" width="21" height="31"/>
	<SubTexture name="characterBlue (7).png" x="0" y="62" width="21" height="31"/>
	<SubTexture name="characterBlue (8).png" x="0" y="31" width="21" height="31"/>
	<SubTexture name="characterBlue (9).png" x="0" y="0" width="21" height="31"/>
	<SubTexture name="characterGreen (1).png" x="105" y="93" width="21" height="31"/>
	<SubTexture name="characterGreen (10).png" x="126" y="62" width="21" height="31"/>
	<SubTexture name="characterGreen (11).png" x="168" y="138" width="19" height="13"/>
	<SubTexture name="characterGreen (12).png" x="168" y="125" width="19" height="13"/>
	<SubTexture name="characterGreen (13).png" x="168" y="112" width="19" height="13"/>
	<SubTexture name="characterGreen (14).png" x="168" y="99" width="19" height="13"/>
	<SubTexture name="characterGreen (2).png" x="21" y="155" width="21" height="31"/>
	<SubTexture name="characterGreen (3).png" x="63" y="124" width="21" height="31"/>
	<SubTexture name="characterGreen (4).png" x="105" y="155" width="21" height="31"/>
	<SubTexture name="characterGreen (5).png" x="84" y="31" width="21" height="31"/>
	<SubTexture name="characterGreen (6).png" x="126" y="0" width="21" height="31"/>
	<SubTexture name="characterGreen (7).png" x="126" y="155" width="21" height="31"/>
	<SubTexture name="characterGreen (8).png" x="126" y="124" width="21" height="31"/>
	<SubTexture name="characterGreen (9).png" x="147" y="124" width="21" height="31"/>
	<SubTexture name="characterRed (1).png" x="147" y="93" width="21" height="31"/>
	<SubTexture name="characterRed (10).png" x="168" y="31" width="21" height="31"/>
	<SubTexture name="characterRed (11).png" x="57" y="186" width="19" height="13"/>
	<SubTexture name="characterRed (12).png" x="38" y="186" width="19" height="13"/>
	<SubTexture name="characterRed (13).png" x="0" y="186" width="19" height="13"/>
	<SubTexture name="characterRed (14).png" x="19" y="186" width="19" height="13"/>
	<SubTexture name="characterRed (2).png" x="147" y="155" width="21" height="31"/>
	<SubTexture name="characterRed (3).png" x="126" y="31" width="21" height="31"/>
	<SubTexture name="characterRed (4).png" x="168" y="0" width="21" height="31"/>
	<SubTexture name="characterRed (5).png" x="147" y="62" width="21" height="31"/>
	<SubTexture name="characterRed (6).png" x="147" y="31" width="21" height="31"/>
	<SubTexture name="characterRed (7).png" x="147" y="0" width="21" height="31"/>
	<SubTexture name="characterRed (8).png" x="63" y="155" width="21" height="31"/>
	<SubTexture name="characterRed (9).png" x="84" y="0" width="21" height="31"/>
	<SubTexture name="characterSpecial (1).png" x="126" y="93" width="21" height="31"/>
	<SubTexture name="characterSpecial (10).png" x="21" y="93" width="21" height="31"/>
	<SubTexture name="characterSpecial (11).png" x="76" y="186" width="19" height="11"/>
	<SubTexture name="characterSpecial (12).png" x="168" y="88" width="19" height="11"/>
	<SubTexture name="characterSpecial (2).png" x="21" y="124" width="21" height="31"/>
	<SubTexture name="characterSpecial (3).png" x="105" y="124" width="21" height="31"/>
	<SubTexture name="characterSpecial (4).png" x="21" y="62" width="21" height="31"/>
	<SubTexture name="characterSpecial (5).png" x="105" y="62" width="21" height="31"/>
	<SubTexture name="characterSpecial (6).png" x="105" y="31" width="21" height="31"/>
	<SubTexture name="characterSpecial (7).png" x="105" y="0" width="21" height="31"/>
	<SubTexture name="characterSpecial (8).png" x="84" y="155" width="21" height="31"/>
	<SubTexture name="characterSpecial (9).png" x="84" y="124" width="21" height="31"/>
	<SubTexture name="characterWhite (1).png" x="84" y="93" width="21" height="31"/>
	<SubTexture name="characterWhite (10).png" x="84" y="62" width="21" height="31"/>
	<SubTexture name="characterWhite (11).png" x="114" y="186" width="19" height="13"/>
	<SubTexture name="characterWhite (12).png" x="133" y="186" width="19" height="13"/>
	<SubTexture name="characterWhite (13).png" x="152" y="186" width="19" height="13"/>
	<SubTexture name="characterWhite (14).png" x="168" y="62" width="19" height="13"/>
	<SubTexture name="characterWhite (2).png" x="63" y="93" width="21" height="31"/>
	<SubTexture name="characterWhite (3).png" x="63" y="62" width="21" height="31"/>
	<SubTexture name="characterWhite (4).png" x="63" y="31" width="21" height="31"/>
	<SubTexture name="characterWhite (5).png" x="63" y="0" width="21" height="31"/>
	<SubTexture name="characterWhite (6).png" x="42" y="155" width="21" height="31"/>
	<SubTexture name="characterWhite (7).png" x="42" y="124" width="21" height="31"/>
	<SubTexture name="characterWhite (8).png" x="42" y="93" width="21" height="31"/>
	<SubTexture name="characterWhite (9).png" x="42" y="62" width="21" height="31"/>
</TextureAtlas>